strength,heat,stability,workability,corrosion,quantum_drift,cluster,cluster_name,score_catalyst,score_super,score_struct,score_high_temp,score_outer,score
53.66569373519066,10.292420344519886,7.170459532140022,1.9348948420109668,48.58213915248101,0.5391606542450633,2,Cluster2,-0.402682843349063,16.275640008875094,122.69412628660622,54.31856676165259,103.65185033404849,153.09885345611218
48.84010635336882,11.614745027980227,7.681520331827098,2.266013697129939,48.20330141014643,0.2432083957858777,2,Cluster2,-7.820408902061652,14.607936618091133,114.76665732268253,55.209459366579026,103.64638353190132,145.80868739031084
45.35981509704962,1.8984885953559965,9.029568116846164,3.092326095579355,49.24160267037418,-0.0807319230582742,2,Cluster2,25.30696135079981,36.29621120703895,105.13249474398819,35.466086894553825,107.63647854254046,132.24870342464297
39.3022873538546,13.801027526958476,7.1391081222419785,3.5472988921057365,49.01025848995969,-0.5862681544914814,2,Cluster2,-19.754540081710942,1.637159631562458,95.62748250005993,54.0991727758405,106.91101937919896,128.8067749545719
40.0691785475361,12.20882106276597,5.698336372396492,3.252769150130254,49.40034807827427,-0.1962212941572225,2,Cluster2,-16.409284191044694,5.4438495397713105,94.59405089089269,50.05245712461787,106.52901806794216,127.02502003647794
37.80870393021158,9.429536836585177,8.868610154573432,4.28510056505659,49.63143752930976,-0.4389859567312247,2,Cluster2,-3.9134589381752267,14.270610947232502,93.19610555384466,46.41254281448396,110.12483098349111,124.8691430193204
36.62780979344399,12.277108393052972,8.485083781497373,4.433430767694515,49.65001377036781,-0.6284085836467742,2,Cluster2,-14.285664946525714,5.7025870044366025,91.49339087201375,51.039001172501926,110.19271558302609,124.6736673375714
32.75785729114517,26.948965461160554,4.45524024772026,3.6529053643336686,47.43957309895063,0.1784859373798994,1,Cluster1,-72.9517524086294,-30.036409280347197,85.4945717470711,74.64285684692402,102.5861243682619,124.51529370929353
34.2156480865124,23.850501411378,3.1146390791235774,3.770647436205413,48.65938963669597,0.4999109956152576,1,Cluster1,-61.75455883059746,-28.363188586174708,84.52859450178391,67.67351044732814,104.53206996726185,122.66886374392362
32.7242096055817,19.5825008784462,6.285658958809556,4.282233459125072,48.99122297375288,0.2679163368491613,1,Cluster1,-45.08724030241381,-12.37490973127573,84.40024175175168,61.67880735006823,107.54862561559816,120.82822040741375
37.23072644287248,6.226477609488276,8.402426125005055,4.192529506383897,49.74455330799892,-0.1885187460043445,2,Cluster2,5.790673951245366,21.459110284435045,89.98981213199234,39.37648519241567,109.97911393807622,120.07159234392788
33.01535174532442,17.584619651620258,6.372242542007635,3.9536373887710288,48.30878101114416,-0.551559846090396,1,Cluster1,-37.01157082772987,-10.329557115286203,83.82981728338002,57.77337779486516,105.73413937644868,118.75333630914776
29.834637523571264,22.22621802797201,6.751072599576403,4.888801137782,49.06246345988652,0.5740673783525237,1,Cluster1,-54.40116960148243,-20.625511121825774,80.33492558214061,65.8337937281298,108.83366492623423,118.42366689496087
32.06520111715745,18.93819217841648,5.782528303146627,4.36972155253185,48.89415305082984,-0.214296918912375,1,Cluster1,-43.8256530059952,-11.99310254325998,82.0589938593307,59.58436475910212,107.23415258203077,118.16002725021978
26.372749953409087,32.526584405706295,4.450731098130742,4.722397165455493,47.473201827819416,0.1906212457298971,0,Cluster0,-95.63407560794705,-44.49030160428574,75.49426751113754,82.59496426338293,104.25536495288745,117.85535921062815
34.199352653359284,15.056392619233767,5.314809999320433,3.3556118912498363,49.41892431933232,-0.7884154212268693,2,Cluster2,-27.917641577637507,-8.69081228296198,83.11070119408923,52.133063853854175,106.5286714751996,117.02616560899719
33.29846674063112,14.909989436091712,6.354708623853595,3.70658334478926,49.0688351803199,0.5323542560126197,2,Cluster2,-27.58395826411398,-4.72016230226163,83.05163687907586,52.55774373834627,106.87489968975048,116.89434085967629
36.0216559645339,6.351674300598064,8.355800372450366,3.012787452016745,49.22442066155815,0.2471518718140405,2,Cluster2,4.877223918066211,20.04186515145923,87.50569776622834,38.94640102000643,107.1459226873666,116.80013897331482
35.43332021713013,6.006505439516688,7.826612978452522,4.9462720031852605,49.81020381681577,0.5323399046234452,2,Cluster2,6.117523762579517,17.09815594944918,85.07747271707396,37.29011401373924,110.9531221276357,115.45896334683282
33.39397226647059,14.11172868254015,5.458221667906437,3.919243453625981,49.42027577998645,0.4705605461416872,2,Cluster2,-25.824160949323733,-4.3745122651656265,81.56058082992924,50.14338489315119,107.44852757436509,115.28620478800552
35.99432060095077,3.62786918377327,9.39304735641636,2.6358709277301937,48.91345339950004,-0.33017313414866,2,Cluster2,15.683184916131282,26.886131572572285,87.56197369426405,34.480859457363955,106.47723686880356,115.15057044976581
30.143231231351507,20.217726599905287,5.420488524105664,5.084313765460768,49.11371575516869,0.7110116045079783,1,Cluster1,-48.13690414636315,-20.21095337198732,77.81504694430618,60.572051537338005,108.56414642058138,115.02292500457355
35.172180710800724,4.9828154351015534,9.154119839023494,2.610965185327532,49.705206206405855,0.2123559953665243,2,Cluster2,9.937424157667994,24.229851200312044,86.35459290232095,36.599663066943705,107.90392011031474,115.00408631573842
33.78439106192765,7.968232220101911,7.989771968753742,5.232410839706354,49.79911921289744,-0.3848158732090769,2,Cluster2,-1.8523976510118914,13.856748042594875,83.15274031382779,40.62602400331685,111.44174066973127,114.65262145018063
33.36009106766891,9.944320236200127,7.507566697403901,4.501933944726504,49.64274046406908,0.4240228023602025,2,Cluster2,-9.345440188381485,8.414356037360381,82.52966949718353,43.86424130245852,109.79216519392986,114.5741668196814
28.268845764919007,23.3025950764834,5.433270229744071,5.323944558617834,48.245390905869215,0.4901815186932741,1,Cluster1,-60.52084509940851,-25.525678960565344,75.84871289400255,65.92779250582373,107.19333376453721,114.28467816448776
33.89987283640178,6.621556081330227,9.28551132260878,2.796596629342662,49.21316881557815,-0.1573722125252123,2,Cluster2,3.5321180937295105,21.018869200556296,84.88141848485662,39.39987379720752,107.26398823647469,114.19707924798215
36.805531322321805,2.341210674922456,7.454740167104456,4.64976039337316,49.84477810398245,-0.2922787521336231,2,Cluster2,18.540104722437633,26.29159462845592,85.6714994806279,30.393787802043455,110.39156688157686,114.08937406676694
32.56877478537221,15.992413187427754,4.931470792162148,3.635542545346973,48.698870599458736,-0.6648421370540136,1,Cluster1,-32.76306155998684,-11.156234494277214,79.86612021564751,52.86826349117676,105.316790413019,114.02953338176424
33.57391955912226,9.674438455467968,6.577855747245489,4.751053434402952,49.65399231004909,-0.2957197771990761,2,Cluster2,-9.60855973573404,8.228036145523566,81.55612218964765,42.56583254914301,109.72349264532535,113.59586428960766
31.492706266618704,16.95930023900795,5.074695294830378,4.042802653324335,49.4388520210445,0.7551032114320504,1,Cluster1,-36.271192774091936,-14.06368244650219,78.3220023835549,54.3620973004396,107.47925566949068,113.54247984024329
29.059905028021475,19.00889568966616,5.935406380767009,5.488179695776565,48.60310212328294,-0.0833552137294554,1,Cluster1,-45.81571037786545,-12.283867813623209,76.44401225829708,58.441472667245336,108.40617698061422,112.9941010126599
31.129126070325675,21.67771201087165,2.4250428334552194,3.420076165123928,48.65071378096379,0.7957783061356235,1,Cluster1,-55.49505125102585,-29.307001768755015,75.9388940901344,60.94714073729355,103.64406322634109,112.81314506861408
32.7689747284828,8.953435107383587,7.58063891093397,5.122820494243271,48.92186307757472,-0.0860286951866023,2,Cluster2,-7.113810515107378,12.95066540984935,81.29959668187176,41.82898214234925,109.31827635198134,112.79865602147255
32.434299140992806,13.972095287708644,5.001528338664929,4.172386006267007,48.95588901963036,-0.4730588097762841,2,Cluster2,-26.26447916849007,-5.508454805801299,78.88387962406104,48.92633907969048,106.6711212179937,112.43406478086405
29.58742046225246,17.332578029642214,6.072769674466366,4.685180029839701,48.92991130070392,0.0621249533883827,1,Cluster1,-39.61116833799001,-8.222906106332527,76.88815949763719,55.50057348818284,107.92397748340058,112.36199417773011
30.966890391064787,11.907357611214923,7.285891189611921,5.174924331545133,49.20922867482228,0.2136263848211449,2,Cluster2,-18.265536099644486,4.5315012737572316,78.60266998733378,46.47723841516359,109.82378944176823,111.74842529612494
29.474049587290963,18.798558783584976,5.32583497390512,4.6393604791856005,48.429766290473744,-0.5437777448299416,1,Cluster1,-44.10076274050699,-16.558644784353763,75.79235328240216,57.38808846230558,106.48149078667845,111.72619605902432
33.86099737729934,7.0054531305090855,6.606045722245687,5.204245268738009,49.37469472164416,-0.3429428412502069,2,Cluster2,0.04628697786417946,13.388141142121219,80.79084706197156,37.37597925128843,109.85878020751818,111.58304362241718
34.34044420548902,8.416411977091784,6.071437521503375,2.590553047048723,48.97108100636624,0.703801430976227,2,Cluster2,-4.104378002644674,6.849861743757877,81.29244925080278,39.72258286294334,104.86371034405725,111.28147226605614
33.448394482241014,5.504505508293736,7.733712509158363,4.56125668652735,49.719312506462735,-0.0373879179195342,2,Cluster2,5.304304225009394,20.883507899493488,81.2122225644469,35.44822680790657,110.14736629729568,111.1047599150888
32.09411887522208,12.58324798206352,5.271756077901008,3.429816885808159,49.50866984717731,-0.2773602511237261,2,Cluster2,-21.89047166833909,-0.7948063797037932,78.1101356072037,46.346631354077225,106.79794306201737,110.8710029647282
33.02558746499225,8.686293757823945,7.001148471661788,2.386596137607347,48.95982916038623,0.0754016887476472,2,Cluster2,-6.661880881982951,12.539289650190632,80.82064282764149,40.848828875431984,105.00012676301438,110.83700235555025
35.77284292136881,0.354807829466127,8.618758692992898,2.7802846185678507,49.66208103597248,-0.2353726747085039,2,Cluster2,25.96947077467137,32.531341790069916,84.41585512225154,27.09710947525531,107.80396834629317,110.81444186425477
33.1388606774788,5.544269902019355,7.92092419667283,4.738184006473558,49.73166232529329,-0.1308035688880087,2,Cluster2,5.477820585008511,20.276310376942284,80.80043903208852,35.513492555006934,110.53106275863334,110.80749714898161
22.0233272583118,38.77471142060006,1.0618942185412918,6.261467401862271,47.65788189543204,-0.8317253590346371,0,Cluster0,-121.14275604729913,-71.06777364723874,64.19512619570094,89.20711800938001,105.23891200292813,110.54215655464812
29.906061717170097,15.915279739130112,5.408177753487317,4.485810054571205,48.64623478214196,0.5937998378996495,1,Cluster1,-33.56087096118407,-10.811571815897736,75.28823009623657,51.89486817138276,106.72527352288438,109.81189238415821
33.316155757066895,6.511143622096687,6.298883405191582,4.842810214587217,49.7794579075688,-0.2854346336161831,2,Cluster2,1.024262507235176,13.950080375793775,79.05077379935332,35.83653121111031,109.97257283961422,109.61747967147967
24.83507494687154,33.77767541236816,0.3152278639536812,5.0515880689328645,48.023018610610016,-1.259746722499573,0,Cluster0,-101.7098584384004,-64.58533140338977,65.77208267335811,79.65824280087598,103.78103325659617,109.19822371931363
33.548443103849394,8.283789734474531,4.563438726981422,3.490739050272332,49.48822305542724,-0.1188236956132444,2,Cluster2,-7.299132704915006,8.382929972032523,77.96511546979495,37.84582790004856,106.49427404975368,108.59649138988199
32.57245484703,5.636754657678639,6.627420386567069,5.784875807653048,49.36941872127024,-0.0438224979785561,2,Cluster2,3.316474002142497,17.916978897463412,77.86059510477138,34.16524587645007,110.7298613473036,108.25611969807234
29.881244815411343,13.431276745120424,5.939915530356528,4.117186582370163,48.56947339441415,-0.259742284720218,1,Cluster1,-25.349703815698632,-2.1200382995838662,75.12825901419747,47.61322028594294,106.28468442756181,108.18722737514985
32.454582907481,5.262327738381089,7.054000681062552,5.691801870206982,49.2610969523672,-0.2351709547360597,2,Cluster2,5.568657914677422,17.92926970121495,77.88615975101031,33.6883621341972,110.58689705057614,107.99377303148795
28.51630859996694,15.735132951319583,5.3163442735782525,4.273709376860045,49.007268829519,0.4602012011727211,1,Cluster1,-34.11786315253865,-10.261032664880961,72.41449888478832,50.814663875614535,107.08327386111719,106.92255446363764
28.483683559985508,11.002970506168596,8.076066977510365,5.55872396260512,48.88099819627583,0.4033741516011921,2,Cluster2,-14.982365559283393,5.161041509866754,74.17957868771965,44.12216269403971,110.13811582521453,106.90092502024443
26.48811997908105,22.122501965284226,4.13093361248007,3.316876636037121,47.96569582810724,0.3597622553997226,1,Cluster1,-58.97447651027503,-25.617174759265566,69.87412910412459,61.44011640488918,102.9721734165102,106.57666631883887
29.097952154200303,15.120821590567502,4.404340527791013,4.423678818043073,49.02681552882113,-0.2673120697457167,1,Cluster1,-33.167622752857945,-9.02248260641856,72.09551382562518,49.06130375115331,106.89131954860238,106.38117179434101
31.23731589261604,10.012100049724124,4.889636527664589,4.1933647805182295,49.03696185586654,-0.0884559335530458,2,Cluster2,-14.268687899402687,4.666083433764583,74.72668066803797,40.48826660664433,106.8087891463427,106.34789401109242
30.704399560055403,10.228217518023529,5.473731500788153,4.017623394004848,48.68258917310331,-0.0884033644729528,2,Cluster2,-14.707619938847639,5.136000829773326,74.64510176583185,41.238164634626436,106.12847918760797,106.1093168083977
30.541695270514104,8.022090676649107,6.338205231711321,5.70718236760821,49.309453470805806,0.2673480773020338,2,Cluster2,-5.6662202693973995,9.76429212696521,74.3343956496177,37.51956018161557,110.34878310887959,105.85375890714927
29.3752242581127,14.626512082155102,4.097178210736908,4.125860321457651,49.43157871474577,0.4715291263267167,1,Cluster1,-30.993414568769445,-10.14328862439377,71.73794274708159,47.8020499409401,107.10053701704646,105.82991830626085
30.32333685014836,7.483924809666407,6.756306333091388,6.248690794060554,48.89644971620267,-0.1774755613680478,2,Cluster2,-3.7433353915627112,12.286626980979761,74.34562004339897,36.79708659681436,110.54408879004185,105.66015270336378
32.766308217996055,8.419893585531621,3.4488647778191,3.851396840089598,49.42705144418112,0.1728096348580879,2,Cluster2,-9.119179757969281,5.058619414708282,74.74305076062848,36.58540124045133,106.35563053740618,105.59222169552964
23.35222407493077,27.5295483974744,3.704064743543131,3.775542399028385,47.83833854299739,0.4139143080933813,0,Cluster0,-79.73149968587174,-39.286169735144206,65.61140515582005,70.23231642191062,103.19202305630893,105.18311982557015
26.99450936176458,22.24054020232152,1.542633912572697,4.848714948387619,48.88355066707136,0.570222063358281,1,Cluster1,-61.091335924595484,-32.460334405481596,66.85301763019068,59.235857966418884,105.81149071301051,104.83942053908093
32.27744647382985,8.41989358553162,3.4488647778191,3.851396840089598,49.42705144418112,0.0043431446299544,2,Cluster2,-9.869010100736782,6.161920464450249,73.93379376252419,36.42520361348228,106.35563053740618,104.78296469742537
31.225575518856928,3.878529663427817,8.312746451030941,3.0870308077284987,49.31416618940314,0.2175668431450863,2,Cluster2,11.003380917897303,22.740686589474027,76.64196870282909,31.573810115742496,107.41525181591449,104.78183203310881
32.411773859209006,2.059268511284189,6.587816651494177,5.616734601614471,49.37421273105636,-0.0805587010840846,2,Cluster2,15.827939894856272,24.6185136013518,75.65434825021728,26.871961253125015,110.4674356902815,104.17945617219479
31.01570480916158,5.4343894108814,6.260878266514993,5.740624349571952,48.93731459750156,-0.2564577026850326,2,Cluster2,3.5177408410659785,15.109168494367712,73.88346402085133,32.50928064151607,109.61600485261854,103.93962819982879
30.31417173545832,6.054800672373995,6.379769953015024,5.392852927631555,49.77881248295021,0.0233384306432352,2,Cluster2,0.4150687593649055,15.620316983865337,73.20206030598294,33.634787950170555,110.83678933385526,103.81529334746082
25.60979123658069,21.94759379160382,3.3547537836136327,3.211278728697037,48.639461934983785,0.7032622289531131,1,Cluster1,-58.54714218185005,-30.00688222931493,66.52224781543063,59.70320587063506,103.77321885481994,103.42141504307295
30.56708697520057,9.963574351421489,3.859674201672366,4.213363003021436,49.00657307858281,-0.1173103444809099,2,Cluster2,-15.37736150725983,2.1372604322547586,71.78816208413953,39.011711219875174,106.26302776253395,103.3799173006524
23.40798349148696,21.33058065566206,4.433646778254274,8.127942630118454,49.00442666161368,-0.0798365063942051,1,Cluster1,-58.279884251636844,-22.728568060225733,64.05189097179216,58.75888158212477,112.41759065753217,103.28336594548925
29.968538683324795,5.736623658784525,6.896902028294108,5.212014993450444,49.82145566279578,-0.3086425989918697,2,Cluster2,2.7289163611862737,14.835685288746603,72.84209963949115,33.20009738802962,110.90938482991427,103.22714679700653
19.611678639389,27.55178395158233,4.938664154094012,10.260380281781838,49.07087313796121,0.6595197114379651,0,Cluster0,-79.70818122243574,-40.69655796678585,59.747725774272226,69.5183115212342,116.00164877564217,103.18924445993491
22.570910395909628,28.382121624347377,0.7579458397428578,5.4900259635901065,48.70644830341868,0.4228302199513903,0,Cluster0,-86.02553398766398,-47.34553813086535,60.04697014365584,68.59622917641674,106.02690847209395,101.33626808933393
27.933312024342747,7.165747796076937,7.273438408370472,6.113893931702947,48.93909289604824,0.3318586250471854,2,Cluster2,-2.8444469905858814,11.52716823638096,70.02779693423248,35.40566070017213,110.68574589383614,101.13716424614655
24.564540448026204,17.493357945570406,3.6310182091143792,9.1850480878003,49.062521361386096,0.2886670578173773,1,Cluster1,-44.44746320291681,-17.75174571143797,63.0336201246918,50.755670795359606,113.71812395902984,100.9040838220702
25.612782960673485,15.489849993163975,4.61564573634803,6.104710937294739,48.618553643209786,0.3707752075519911,1,Cluster1,-35.68011213673317,-11.908218693711078,65.52318431489901,48.21634959923673,108.70199656053569,100.62974160173326
18.825951929046028,29.9909485473736,2.227721008651537,7.392964147914085,48.92585525167233,-0.070700746834298,0,Cluster0,-93.11552070213014,-46.679085087595496,55.918258897921866,71.5872436945046,110.05501722954156,99.07314287140186
22.406239028882112,14.43937948329201,6.3937029939610746,10.137652854145449,49.78388904596221,0.0443541615697517,3,Cluster3,-32.80794319841064,-5.243066756778828,61.578368128782095,46.45340439420127,117.97110887012315,98.75882882048192
28.637053576794106,3.386831808874656,6.414531102223879,6.587779305786084,49.30810704822128,0.0103324893871228,2,Cluster2,8.910144027721007,20.291265459998513,68.57898722197423,27.501555263676682,111.70514860623364,98.22034630341524
27.295681981509745,9.506245416828987,4.805017884941458,4.3741970441840365,48.65734837156712,0.4367333629220542,2,Cluster2,-13.508799994438963,0.7515190236033806,66.11528013592411,37.24698302789328,106.27850125188102,97.38417555221417
18.787236769705306,29.97432808853988,2.198717589588345,6.061572251764995,48.3163587151041,0.6669477303770331,0,Cluster0,-91.31696914431748,-51.49318445606668,55.19276623768604,71.20751828633225,106.82443460264986,97.36889576539052
17.87007901025071,29.035938691762208,3.4054768073241504,6.883097043510522,48.418768038722526,-0.1723263700423444,0,Cluster0,-88.76828999859119,-43.70449522408952,55.194016207326406,70.32623051095274,108.86492004637292,97.36291809432404
17.59353860296208,27.38121143922676,4.516304434746592,8.477798976294643,48.90988712398257,-0.71778527032258,0,Cluster0,-80.36781049009828,-42.67532687005993,54.93435430733485,67.71660397951986,112.7946249297804,97.31880307708684
23.43066745298865,16.46435276606011,3.922128455499615,6.67787163330147,49.51819957193974,-0.1500186637356406,1,Cluster1,-41.537716508009524,-14.569264204511787,60.82668530852113,48.49115838224634,111.01427082158148,97.15689729417178
19.872330087103165,18.751400619522148,6.0754875251410665,9.849262220477096,49.72934995763327,0.4042414250414263,3,Cluster3,-48.405525324510585,-18.64959254554199,57.829350346637575,53.31233309521623,117.2703370085527,96.99435674545384
21.45927819782767,14.439379483292008,6.3937029939610746,10.137652854145449,49.78388904596221,0.2271983178533542,3,Cluster3,-32.73289114508705,-7.1793004225748644,59.50160231038959,45.88850190053225,117.97110887012315,96.68206300208944
17.024087597404623,27.755638358524312,4.089724140251108,8.478889308855528,49.01820889288561,-0.2290253287263452,0,Cluster0,-83.85589032970263,-40.65198726765485,53.83155525572172,67.99853199163887,112.79961381918008,96.45792353585445
21.62912800669927,20.18219539277197,3.0272690278984613,6.9957604657948735,49.4163867280099,0.1055969529885141,1,Cluster1,-56.47905998448826,-24.340064350305497,57.7846602986437,54.15342534029777,110.84004866866132,96.08183159193206
25.25080554590328,6.226477609488275,8.402426125005055,4.192529506383897,49.74455330799892,-0.3012519182680874,2,Cluster2,0.1389130195519962,14.567284457840504,65.91723716579018,33.3301581577992,109.97911393807622,95.99901737772574
18.16919635909164,29.97432808853988,2.198717589588345,6.061572251764995,48.3163587151041,-1.0186108163105816,0,Cluster0,-90.57100009182368,-54.615509348841904,53.60502233052515,70.72266653805865,106.82443460264986,95.78115185822965
16.0143808536502,28.660745860715565,4.154264655705629,9.99079485395758,49.12944982832143,0.7867891660242572,0,Cluster0,-85.79078793190098,-47.300085311388834,51.80374245519237,69.08955222094974,115.32222426543203,95.69423772668965
22.980491497385128,16.72694817726344,4.573651588269247,3.631085269147973,48.64912552091592,-0.0106557336957233,1,Cluster1,-42.44845408237307,-12.901593298861611,61.174278732110125,49.512465824640834,105.03170473968844,95.6778582157738
28.812425833646827,1.7432820418789012,5.734240036643575,6.405700307840746,49.276548472294046,0.1604695544220752,2,Cluster2,14.520374470157062,21.10437247097616,66.9373831887764,23.546782260013753,111.02876742467099,95.65014859978324
17.090151032196587,29.035938691762205,3.4054768073241504,6.883097043510522,48.418768038722526,0.5338372336977476,0,Cluster0,-88.07372139665203,-46.9865461223598,53.27264938756276,69.75551109009798,108.86492004637292,95.44155127456038
21.39326196891353,18.899737577769784,5.263247833937605,4.093758168418852,48.657801376648095,-0.5378433680060493,1,Cluster1,-48.57567259978173,-20.879095447255985,59.593421109612315,53.490432289930915,106.08786392289328,95.41906967103067
19.89515900663752,21.84536405527702,3.0726033210847445,8.410948560162113,49.01572959637299,0.0468303529429934,0,Cluster0,-63.29810031023708,-27.97258478860974,55.27507466959768,56.687495758486044,112.18418369353154,94.91109577550374
15.967421595262486,31.239925896855475,2.5124239088188363,8.32349946281591,48.40452653230184,0.6027411830409063,0,Cluster0,-97.03538238342136,-54.29322264276928,50.72070081914006,72.67461590864058,110.55051421323697,94.70467676512668
19.412318920093583,18.11745771627825,5.311631878845452,9.712219261421788,49.66972638320181,0.0585861679622547,3,Cluster3,-48.21755216419486,-16.37418155851684,55.792228348632214,51.22341368746761,116.56359759795903,94.54193002908312
21.82888125510254,18.506462613337654,2.86293197499937,6.836783154057831,49.47434409326108,-0.6066983234228966,1,Cluster1,-49.17515157386246,-25.22620723650847,56.59869345595006,50.486948667514504,110.6353289051086,94.00748838627835
19.16887813656979,21.705007574959613,4.00706648375879,8.137549277262096,49.11274843051672,-0.7645656562972222,0,Cluster0,-60.082323991423294,-31.927968364494525,54.43629412996035,56.6192378738143,112.43535401880597,93.91394677132958
19.491769471756868,25.608726405628826,1.429313014659705,6.889984380408647,48.71464216856307,-0.8233699870538251,0,Cluster0,-75.98523470800127,-45.199901942490406,53.10850168126389,61.98096556826888,108.47891741506895,93.71517815856416
21.47460084098677,18.603584501783907,2.9143167410112483,5.693374092678324,49.454984627878616,0.3297492209243408,1,Cluster1,-50.47168093196602,-23.27922886844666,56.29271982345803,50.693911554610274,108.90718876528034,93.16869143462844
19.685022362451058,16.240821391757777,6.970966726103452,5.22755075648256,48.86386727623911,-0.0066990439625226,3,Cluster3,-40.00929983193567,-8.750790501783301,57.94020646597366,49.29177116886328,109.0545440502538,93.1063261782134
18.13879947516688,22.61837955952691,4.073149541469508,8.944262940509585,48.92597115994804,0.9458541071936086,0,Cluster0,-63.18421685771042,-35.587893156080234,52.75065893510787,57.90638134450997,113.30491150139522,92.99496576510013
22.72223853970879,9.059786054747129,7.669417562687978,5.007744260480692,49.19065243376423,0.4657045381371453,3,Cluster3,-11.281600744661139,4.85474598063893,61.01279191268597,36.91725667296806,109.72763003959348,92.641883287182
20.316190663795588,13.213128961246955,8.101744574339087,4.759172397554143,48.92996005049423,-0.3853140193928823,3,Cluster3,-26.83016939994882,-3.1471855970610014,59.006248650330406,44.493440819034355,109.04955098448922,92.45737935497807
15.490669213219505,25.813174304247767,4.537791028781686,9.61728926176821,49.11087358726338,-0.5358902982564996,0,Cluster0,-76.45531353470625,-39.092554330374405,50.15872182347893,63.64152909475872,114.91657658156991,92.42939040011859
23.55241117858536,11.938939282033807,4.7686254222380775,3.468590856431562,49.41159992425428,0.3365994854588064,3,Cluster3,-24.231658019211153,-5.257218013969231,59.89063064608594,40.25440983286897,106.41039884427495,92.30019567744577
23.776150009212856,10.32808651912941,5.743213142515192,3.669043683873938,49.13462611462885,0.6588659037765433,3,Cluster3,-16.540416958501687,-2.5525989788343564,60.672297087986664,37.958028233492165,106.64442432632622,92.23817524680277
17.538053144916766,26.413462400979142,2.188117273578646,7.267955782235493,48.930649261458456,-0.833969469057269,0,Cluster0,-78.98806615021816,-46.35341943480076,50.731043931633806,63.36708391346668,109.85729083305948,92.03707765397036
21.87658649318261,16.54473583275243,2.699772984698148,6.535152942694327,49.48542869717942,0.694462978628026,1,Cluster1,-42.18512024745997,-22.307336278541467,55.38073740116063,46.380306407480305,110.12347330074941,91.66339613747373
19.697941025874822,19.353106576925555,4.152003204250058,5.009615189098918,48.453419044063615,0.3705506793734557,1,Cluster1,-52.62324726393161,-23.51764166740123,54.92988946721405,52.521911531351854,106.49726247390063,91.33795987225811
20.814456116165864,10.602156773200353,5.591074424821182,11.876526781365206,49.84198374573463,-0.3299373056860256,3,Cluster3,-20.119434306239043,-2.2544350841636143,54.98666495047765,37.037647376461805,120.29429487592766,91.14699860062775
19.697941025874822,19.353106576925555,4.152003204250058,5.009615189098918,48.453419044063615,-0.5645836477261551,1,Cluster1,-52.041148358873514,-25.069905414222823,54.73585649886136,52.424895047175504,106.49726247390063,91.14392690390541
18.980161208683555,14.399615089566392,6.206491306446607,9.377212303411644,49.771539227131655,-0.1067287465748678,3,Cluster3,-34.38189466296938,-7.749996934496734,54.36313817524535,44.442437716633734,116.71214256260407,91.13732148530019
16.821605079622344,21.18516669861234,4.002429882751091,11.243966303355055,49.06774841683001,0.1375351287480295,0,Cluster0,-61.32224563633684,-27.054952121895557,50.10190320392947,54.71479825541293,117.00266123006814,90.85034391332816
16.790554342067164,23.45618011093532,3.381406789331523,8.898118404861368,48.997762101135535,0.2458104998834974,0,Cluster0,-69.58251492825802,-33.720753471242,50.135498423715774,58.566138932293995,113.03340520422888,90.81152873218187
18.848933442729084,19.098193468010688,5.0521933231472005,4.949675801570304,48.088553477058106,-0.544355287528679,0,Cluster0,-50.733951230939624,-23.022375868591865,54.28089831665563,52.40086933676878,106.12771731804527,90.34910968997518
15.281216261702152,25.593422714027035,3.5345667755050574,10.101527738477817,49.17192160056552,-0.8140765522794292,0,Cluster0,-75.95957493590019,-42.989716164428316,47.84691749139597,61.95498205827049,115.26341819660028,90.28035351793116
20.050878357007544,10.578263139444031,8.271422343699516,4.552733887029715,49.70236403850053,0.0365199889685114,3,Cluster3,-18.61749949894529,5.119597675266653,57.76150181031787,39.4351278066071,110.36954007939539,90.178182342805
22.48192717025417,18.927650522835616,-0.1017219415279271,5.359810343593554,49.18944586214193,-0.8526986225519144,1,Cluster1,-52.549439318669755,-33.63937032401532,53.42239806708235,48.56819337799443,106.36774626891022,90.16085143136789
19.639225239590527,17.03249613260513,4.0761161488028295,6.575142626017673,49.19036063708375,-0.2314526742990324,3,Cluster3,-45.02364967262276,-17.944768742201596,53.67742009438883,47.84499469665884,110.28149328759542,90.0764197922421
17.796590747662343,25.346320482904453,1.6633564435577508,6.62856876540472,48.27323354467073,0.8841224437880292,0,Cluster0,-75.49810254141258,-45.540612255166465,49.87725395832551,60.81223156130381,107.32099845922741,90.00131535481545
19.260662227219623,15.90570546367515,5.738703992925673,4.896873219864726,49.16825484349764,0.2892334481976809,3,Cluster3,-39.4332336717345,-13.017539413470589,54.79299972746765,47.03582930978695,108.55117151325521,89.7784164909864
19.03170026143925,18.04913367874515,3.808275658268463,7.211498980518277,49.1251193862454,-0.3416778078378754,3,Cluster3,-48.82280866310631,-21.699288372936753,52.458703041815895,49.25155424255946,110.97162507240245,89.65157906457031
22.76230734534086,12.455831829772954,2.780274318507052,6.550395751898459,49.5688836308922,-0.5981675564210612,3,Cluster3,-27.63948074376467,-12.755301801229862,55.32477452690772,38.77400787251286,110.35349804888563,89.61233013318953
13.88429959389933,25.07863931441208,4.895610232674586,9.787060258831184,49.1606186658062,-0.0962450999996154,0,Cluster0,-75.64874227081918,-34.19386916652225,47.55508909401697,61.9469161084486,115.44963283619646,89.5682482135417
16.337490533881965,22.61837955952691,4.073149541469508,8.944262940509585,48.92597115994804,-0.7746971411860185,0,Cluster0,-64.59834222637564,-35.11929189866197,49.319198018545634,57.0913053568713,113.30491150139522,89.56350484853789
17.502823399690058,15.12952967949304,6.629621414595556,8.988403384758334,49.74816897628749,-0.0286052557516292,3,Cluster3,-37.48650499653017,-8.47724687596297,52.486238505268346,45.62578984555085,116.29375373701025,89.41928952553776
22.03212022899842,14.07159119558218,2.6567190632787225,6.412707860803465,49.57517422502441,0.8350964771915405,3,Cluster3,-33.07250057518507,-18.49445596764003,54.250018173514476,41.39841333034652,110.09776977289339,89.2797548142195
21.4579177601613,7.714820823006934,5.787389110382771,10.36504804541511,49.81105768584602,-0.147961046193568,3,Cluster3,-10.041641751480144,5.69040708528378,55.30636855120666,31.872009113380507,118.0633819950061,89.25183182834068
21.750399554448187,6.640668922511446,8.16305751802404,4.49493978935117,49.86522489573252,0.3398299868167619,3,Cluster3,-3.1845939730916415,11.201337073715187,58.7258898603714,32.149680146862636,110.5543882345038,89.22630666416896
14.644627054365138,23.203143384905644,4.256140653835914,11.595396181344842,49.20762876166028,0.1584496314347196,0,Cluster0,-69.1571987718471,-31.83928898643465,47.11658715050225,57.905516135112414,117.93642212225578,89.11967131445763
15.935177647539938,22.015936567632583,3.494963040432165,10.165298864712767,49.17671561035164,0.0116881626247412,0,Cluster0,-65.55816163463768,-29.167863531628797,48.109079976919666,55.48858091815493,115.34886103798853,88.78805549826816
21.301161754553146,18.028890572932312,1.1665856379282855,4.93735898377427,48.83332359794074,-0.5042449977710028,1,Cluster1,-49.77121549674522,-27.1079889748995,52.86240225469387,47.622825162183986,105.65597849050702,88.76218883201753
19.630453001517385,11.236057063693304,5.736441064672061,10.290984928754302,49.65529872731129,0.3872988795776917,3,Cluster3,-22.61263551876273,-4.282396533905329,53.09629725231182,37.830132253028516,117.61529538009006,88.68746761219128
21.228156383286628,14.29156336555377,3.232532209831258,5.526837224410024,49.50952371620756,-0.8312512112911185,3,Cluster3,-33.68010774409027,-18.153993810130657,53.61964155280591,42.01411152693655,108.92556937394578,88.28360370589158
14.151267602594968,25.179231401003864,3.773935382486072,9.4919444337593,49.05125001283192,-0.1572617977643839,0,Cluster0,-76.80595532643682,-36.993052617853174,46.39579218165659,61.1294010869091,114.22738436754582,88.25700510545414
13.910926443976358,26.32795770386272,3.1767475716121565,9.926340390604093,49.12217652202269,-0.2717994105993055,0,Cluster0,-81.20024293812126,-41.52135232730739,45.47915368670301,62.65222649602612,114.7222374157576,88.16739099494777
16.433748005657304,21.805379081800545,3.312802740294371,9.012925546578211,49.00798227305715,-0.5209969368579135,0,Cluster0,-63.226159232605156,-32.936254175047004,48.21839272579852,54.87993643829516,113.1917542361288,88.13153617651649
19.361891517625512,15.607547754066603,4.00693903234061,7.415189494748627,49.034119687961216,0.4523350688774891,3,Cluster3,-39.58152714144728,-17.138952235659143,52.08563039191775,44.676812764847824,111.19449313421566,88.11405886030597
16.56141502442995,22.12355609539001,2.795670665015287,9.047444481947878,48.965339093211576,0.3916155350163318,0,Cluster0,-65.18122155158578,-33.50798762866513,47.98649855906151,55.12768260050212,112.89968024185261,88.05466839433625
17.58167677031541,15.644313079107995,5.268577957426027,9.289046899335164,49.7594719110468,-0.5048699472681923,3,Cluster3,-39.18106959248967,-15.99959143635177,50.38350706905567,45.095607527165626,116.08680314980937,87.72992301380066
15.876692561729952,19.266184019137107,4.714444067971536,10.1726860252279,49.74065289239258,-0.5007439748511132,0,Cluster0,-53.27662179359002,-25.17108542027507,47.95739926013464,50.934786399685166,117.09755685661278,87.54716072851343
16.197108928685257,22.12355609539001,2.795670665015287,9.047444481947878,48.965339093211576,0.2903917958992897,0,Cluster0,-65.66704581680925,-32.880350763601136,47.359110106689165,54.99614142218829,112.89968024185261,87.42727994196389
16.75091737099311,16.418612462669305,5.097970441047595,9.777447420737271,49.72207665133453,0.035823253111265,3,Cluster3,-43.88424473346463,-14.552411382636983,49.322273381780995,46.29274242532713,116.65930965429878,87.28134164915156
14.73666226814859,20.86698968502287,4.519561958030176,11.359444652443624,49.110391596675576,0.1056525886129444,0,Cluster0,-60.82961303963673,-26.171745028814644,46.58050972724093,53.56904616784374,117.51973115103168,87.24892269431197
19.07927380966146,17.297092599513682,2.4713640297750965,7.888591643667907,49.491461822368194,0.7843096868999443,3,Cluster3,-46.175894102992224,-26.386297729846,49.72983027684246,46.21303129018322,112.05149312512579,87.06840330961735
18.392086273647653,12.661005442231833,5.805618181134282,8.804517112055326,49.811539676433824,0.4541273707007165,3,Cluster3,-27.94947561775115,-8.14775035097701,51.368975169411925,40.09660851707142,115.73266411151778,87.00750628477242
16.303007324019326,20.97482979253116,3.392858475889202,8.650277586660458,48.894412584020806,-0.8038964107162788,0,Cluster0,-59.45585290381136,-33.44361025700449,47.378820847421764,53.09207351760304,112.4606707859769,86.63858082902797
20.6636549531534,18.52166489104637,0.0831410574759825,5.138814607211616,49.26186931936806,-0.5538820770948767,1,Cluster1,-52.74921235332498,-30.97627680732309,50.15897186094909,47.18135727759798,106.27353107829154,86.6201462697621
16.786972871416243,20.750338759316985,3.181256721201676,6.891261488951803,49.0885477931539,-0.7290368070533467,0,Cluster0,-58.864332079539615,-32.57697209694927,47.99196339724015,52.710902272017094,110.10461618033634,86.35703741795149
20.32846266986835,7.398834353601647,4.933812495532168,11.965355488039483,49.71339342708371,-0.3353855101825925,3,Cluster3,-9.791719876591644,2.5511035373344764,51.42167574965318,29.728019782578343,119.84172633399272,85.9604673840156
22.036384581819124,8.371598352674313,4.895707803256597,3.391489956782213,49.45844277804669,0.2890948999539697,3,Cluster3,-12.51940944033203,1.7536519924423737,55.31303514490633,32.5125493495378,106.45197439289498,85.92380068865793
19.9847194222278,14.0153412898741,2.5661672824951207,6.475528783719222,49.4242092762758,-0.457660008280701,3,Cluster3,-35.122187496108225,-16.567268369889664,50.368700404854636,40.36037956921687,109.84479536937799,85.3262400797892
18.475406412872864,10.231095396932734,4.77671633102893,12.124182406823149,49.82362583551756,0.0987168982397648,3,Cluster3,-21.498263657079914,-2.460790111289292,49.132718122515726,34.42725188221095,120.2218834467843,85.22216994215245
17.998129108120438,16.24438059608852,3.346315308947081,7.908753698324302,49.58385008075659,-0.9317974692965356,3,Cluster3,-41.71455981541291,-24.25144577459494,48.206124008409226,44.36824232053607,112.70398836347317,85.07461619599393
21.30864355073413,11.733859728578416,2.1115607026603587,6.954040570128779,49.543642829356,-0.7032523882025598,3,Cluster3,-26.19286940738936,-14.21629538208953,50.94830563154545,35.881975741082975,110.57412686523536,85.06407719557704
19.23974443102354,12.666894449694071,3.306711573874189,7.844734749255947,49.58864409054271,0.0374746268090907,3,Cluster3,-31.29512290411602,-9.40029055060072,49.7355288208963,38.241635375369555,112.59774609190643,84.78566546564267
12.665587624008882,24.032738255080137,3.6189035096750337,11.735941841937487,49.086324657888056,-0.5232200537805213,0,Cluster0,-72.59322640975944,-38.68063610904994,42.252679586289865,57.75556380494949,117.58601383351986,84.6801819637427
19.574574767813623,8.12195967775499,6.607686873438359,5.16098757640945,49.76149041233134,-0.1099617687328655,3,Cluster3,-11.701999308598703,5.8790476254106245,53.01169791592941,32.58391272848873,110.56830562599603,84.53391674917731
15.770588275505528,14.123393013886725,5.540126379110471,11.66937651929009,49.6862247871999,-0.2667515740293259,3,Cluster3,-35.206200309652324,-11.415251724034352,46.6463110525908,41.53883075762202,119.64657754289016,84.38580821277915
20.28105701183761,10.012100049724124,4.889636527664589,4.1933647805182295,49.03696185586654,-0.3289378333820065,3,Cluster3,-19.025371640305018,-2.7359012052563165,52.57368100665216,34.88989621634064,106.8087891463427,84.19489434970662
19.530584391343982,13.56959126435923,2.5638185939845632,5.907597921172456,49.48428291467137,0.2828870986858767,3,Cluster3,-34.315797339543124,-14.509349934564357,49.40880520715855,39.32684976903208,109.1118720080937,83.88954125726008
17.406851598668077,10.19111042345626,5.016915750238557,13.23756086319506,49.815878512201714,-0.2475866317505507,3,Cluster3,-21.205785037272662,-3.625656601105775,47.18704540267157,33.97876908060984,121.99655619431529,83.80932030209809
18.91174027126891,14.07159119558218,2.6567190632787225,6.412707860803465,49.57517422502441,0.0985373678646464,3,Cluster3,-36.84236788203051,-14.16217307188963,48.74581736738235,40.20650290614521,110.09776977289339,83.77555400808737
17.58191676415716,11.432663449718788,4.892529682781617,10.708249736931828,49.70924484191618,0.4052973889658382,3,Cluster3,-25.114941842258048,-7.531688263522469,47.813662388380294,36.34616626981486,117.92712913062093,83.7387414026637
14.158361354563006,21.699950098227298,2.6413864255815627,11.601175541203304,49.07905135158932,0.5858818416454707,0,Cluster0,-64.47161271599606,-35.72500140117373,42.542895554966535,52.82752637849493,116.88055922777438,83.73298405047649
17.05089532837954,11.236057063693304,5.736441064672061,10.290984928754302,49.65529872731129,0.4433853222201832,3,Cluster3,-23.73415502740418,-6.020866911614181,47.88109546339364,36.51231019513835,117.61529538009006,83.47226582327308
20.2248135786984,5.234623727561574,6.80400155899995,4.81161896433607,49.730564352442734,0.2230438841039012,3,Cluster3,-0.735643045804652,11.466811379394745,53.0498974755736,27.274133861420346,110.08055793088954,82.9383009977438
16.70389470856025,11.377397425466144,7.6494866830148815,5.657664155610212,48.98931996517887,-0.66039151396784,3,Cluster3,-21.83828240993298,-4.387006242365121,49.91032664040805,38.42603313124338,110.28987950528051,82.92251741353566
15.985341486625437,12.066606352962694,5.656385329077229,10.873046803587586,49.76886841634764,0.1121467435882513,3,Cluster3,-28.247625932214728,-5.72494525316422,46.376417399759816,37.72619540652121,118.67549970261527,82.73067818620876
17.447576723846407,11.344854831519008,4.560260606506442,9.802704724018463,49.739025119296734,-0.1802277733404887,3,Cluster3,-25.882259621865423,-6.287222274825838,47.22774399987149,35.883644744797415,116.46223762787439,82.6710363372886
20.631905332916507,10.406296430987949,2.2848462519306576,6.0596915617907126,49.60974851219109,-0.3460324473413516,3,Cluster3,-22.783141248044853,-8.695207270387142,49.54819581188163,33.240375556694126,109.45145749303357,82.5860640643665
19.985447888164064,5.640609359350825,6.61913855999604,5.068350248536879,49.65814089521661,0.4091279272697391,3,Cluster3,-1.9028864718405978,8.67675892721455,52.31078036872786,27.688517259144852,110.22837644323656,82.49433062028002
18.859848962425417,12.350907980288785,2.4531349590235854,8.918876912731216,49.49097983178039,-0.5718279915969579,3,Cluster3,-29.62963451598358,-14.940245494093354,47.00302636193365,36.29896140501538,113.5868425121694,82.38340872433385
13.112381023062138,21.14540230488672,3.815218195236624,10.414404310656096,49.05539859799945,0.6134803512860171,0,Cluster0,-61.79705830647777,-33.012020518057255,41.90681014013656,52.35547314089813,115.64001275960135,82.21441274690768
18.851404947929968,5.7912806690263405,5.002862142783392,12.365009218565394,49.90019787791121,-0.0659027060383006,3,Cluster3,-5.643209606728915,7.321643773172681,48.03684073850989,25.97817460178191,120.8493406550622,82.06508462126136
16.10822232704428,11.236057063693304,5.736441064672061,10.290984928754302,49.65529872731129,-0.3735045138495318,3,Cluster3,-24.415133953183762,-5.9331569453166,46.065630269093774,36.07591409865604,117.61529538009006,81.65680062897323
18.736423595804688,14.211947675899586,1.7222559006046776,6.56670609852435,49.47815539088069,-0.6727544166357156,3,Cluster3,-36.63308591723438,-20.993207085773196,46.489450463830465,39.17798584198833,109.66749787985023,81.61785504648279
15.17251150178269,12.24789708438029,4.900656800271797,14.327807607199066,49.73323488305397,0.4925141602492983,3,Cluster3,-28.903184763419976,-11.048338099320024,43.32744258591392,36.73644963979907,123.40850957704244,81.48191237323059
16.071237704064963,16.89110696772443,2.656227028779007,7.424442354711016,49.56388527959432,0.0670942682023393,3,Cluster3,-48.225745701617,-20.97089517147708,44.50527516695831,44.44051268215918,111.59254760564465,81.4449924679732
14.222023694898535,14.497819933184273,5.113546084614988,11.491931363815542,49.79454655610294,-0.2160504757860041,3,Cluster3,-37.86966040672269,-13.385939655977332,43.14722600752569,41.1121725605398,119.38376320023669,81.03937493407706
12.987483819829835,18.903685137316653,3.5478233029163286,12.364743780969276,49.18718196991021,-0.0992998148885864,0,Cluster0,-55.82343332311129,-25.01238027799442,40.649245347803905,47.79928558002026,118.6953912627325,80.87705079190198
17.90692232394415,7.838706919687154,6.125597855921283,5.621211226133415,49.71335222473372,-0.2256591415969605,3,Cluster3,-11.679437776220798,3.7219699016646497,48.695935750016844,30.643643286469185,110.9213202166282,80.28257093529399
18.385636618668904,6.05905330163431,6.559880739503301,4.960598961187852,49.74296526005261,0.0711068936148564,3,Cluster3,-5.240666826037764,9.625618036153583,49.569514103795065,27.835252205298946,110.20676933163865,79.95082286523245
16.269978787436003,8.95457550239762,5.281834484837299,11.29980152858056,49.7747322803915,0.2198902167022858,3,Cluster3,-17.264519729729518,-0.9696143750209281,44.72010683662448,31.2160297749994,119.14008409607248,79.73466149230933
17.218867968967118,14.718317567218088,1.966630783110648,6.1960293011883625,49.55520942386215,-0.6276887480156613,3,Cluster3,-39.05498047362211,-21.915449567856616,44.11915214819359,39.698855528022555,109.38777819106217,79.3539302943279
14.855229669390638,11.244262744927225,5.681935456694956,10.127647802179167,49.84839377227102,-0.4364509019053633,3,Cluster3,-24.93601661013892,-7.188646957012127,43.41904299438197,35.379850330292044,117.72922697615826,79.02919515407068
16.69676111071206,7.032613115538015,5.305887182050546,11.899835111101536,49.79816670314039,0.2892727726666859,3,Cluster3,-10.092059848976419,2.5807465070476074,44.57938677960226,27.574857582149264,120.09902966395836,78.94469424449223
16.91489441039014,12.263099362089005,2.1208658827484115,8.358134369482118,49.52076010916095,0.2982023913787429,3,Cluster3,-31.4479275052318,-14.212638884516059,42.84443493456866,34.95541061643212,112.63915471391928,77.91543185493471
15.562636969755324,8.547560656460508,4.336624684658252,12.561410197025912,49.78431993627448,0.2170750969664762,3,Cluster3,-17.147293837176438,-2.3771542344586587,41.6869161977618,29.104526933973695,120.57906751041696,77.13356159264224
14.162984995561402,12.899566766167116,3.778209796628616,11.129259714629168,49.73752817126138,-0.3316961426324685,3,Cluster3,-33.29369295927818,-13.814790582356046,40.11137192651682,36.492987755427315,118.05805081278083,76.99454925254565
17.62953059310411,4.1477309020305855,4.322571077203087,11.764607950989635,49.86863930198398,0.2600033856961128,3,Cluster3,-0.5997116262635676,7.084418561328157,43.55677986733203,21.30279648496826,119.54547606905396,76.44726894483415
15.045953876456108,8.041203517830324,5.21575142712658,10.117646663735814,49.96150955096017,-0.1984735659967666,3,Cluster3,-14.810063249061198,0.28428422884643534,41.737663086520485,28.7218986180169,117.70736481108736,75.79784295278364
13.974651176638918,8.459752038260724,4.004355608383078,11.323920916145887,49.81410021365504,0.1337579536713263,3,Cluster3,-18.21617707619602,-2.993530900806445,38.05195383131149,27.84430629638832,118.61625960572044,72.85084041534232
14.0206142323772,7.865573528742439,3.427711649601932,12.115489147016405,49.76682645805413,-0.2024660882035449,3,Cluster3,-16.48409032019737,-3.485145347720772,36.91311661532498,26.06793277917364,119.42074246143385,71.78706118223145
